company_code,short_name,board,csv_priority,csv_root_cause,before_status,after_status,before_strict,after_strict,before_reason,after_reason,before_page,after_page,before_anchor,after_anchor,before_value,after_value,before_evidence,after_evidence,changed,improved,regressed,dry_run,error
000039,中集集团,szse_main,P0,profit_statement_研发费用_not_rnd_table,found,found,partial,partial,non-total label '研发费用',non-total label '研发费用',318,318,研发费用,研发费用,"研发费用=1,468,339","研发费用=1,468,339","研发费用 1,468,339 1,275,305 支付的保险费、租金及其他与销售相关的杂费 823,148 1,089,878 支付的保修金 640,484 422,770 支付的销售业务费 396,072 415,893 支付的业务招待费 167,679 165,709 支付的中介费 370,253 500,615 其他 442,080 797,040 合计 4,308,055 4,667,2…","研发费用 1,468,339 1,275,305 支付的保险费、租金及其他与销售相关的杂费 823,148 1,089,878 支付的保修金 640,484 422,770 支付的销售业务费 396,072 415,893 支付的业务招待费 167,679 165,709 支付的中介费 370,253 500,615 其他 442,080 797,040 合计 4,308,055 4,667,2…",False,False,False,True,
000420,吉林化纤,szse_main,P0,profit_statement_研发费用_not_rnd_table,found,found,partial,partial,non-total label '研发费用',non-total label '研发费用',18,18,研发费用,研发费用,"研发费用=29,119,999.79","研发费用=29,119,999.79","研发费用 29,119,999.79 4,832,688.06 502.56% 本年新增研发项目， 研发投入增加 4、研发投入 □适用 不适用 5、现金流 单位：元 项目 2024 年 2023 年 同比增减 经营活动现金流入小计 2,383,133,671.56 2,736,005,091.14 -12.90% 经营活动现金流出小计 2,292,879,708.22 2,493,011,68…","研发费用 29,119,999.79 4,832,688.06 502.56% 本年新增研发项目， 研发投入增加 4、研发投入 □适用 不适用 5、现金流 单位：元 项目 2024 年 2023 年 同比增减 经营活动现金流入小计 2,383,133,671.56 2,736,005,091.14 -12.90% 经营活动现金流出小计 2,292,879,708.22 2,493,011,68…",False,False,False,True,
000516,国际医学,szse_main,P0,profit_statement_研发费用_not_rnd_table,found,found,partial,partial,non-total label '研发费用',non-total label '研发费用',26,26,研发费用,研发费用,"研发费用=6,990,751.27","研发费用=6,990,751.27","研发费用 6,990,751.27 9,811,517.85 -28.75% - 4、研发投入 □适用不适用 5、现金流 单位：元 项目 2024 年 2023 年 同比增减 经营活动现金流入小计 4,839,806,934.78 4,704,988,828.18 2.87% 经营活动现金流出小计 3,830,687,121.57 3,617,654,441.77 5.89% 经营活动产生的现…","研发费用 6,990,751.27 9,811,517.85 -28.75% - 4、研发投入 □适用不适用 5、现金流 单位：元 项目 2024 年 2023 年 同比增减 经营活动现金流入小计 4,839,806,934.78 4,704,988,828.18 2.87% 经营活动现金流出小计 3,830,687,121.57 3,617,654,441.77 5.89% 经营活动产生的现…",False,False,False,True,
000546,金圆股份,szse_main,P0,profit_statement_研发费用_not_rnd_table,found,found,partial,partial,non-total label '研发费用',non-total label '研发费用',21,21,研发费用,研发费用,"研发费用=3,929,093.15","研发费用=3,929,093.15","研发费用 3,929,093.15 -100.00% 本期无研发投入。 4、研发投入 □适用不适用 5、现金流 单位：元 项目 2024 年 2023 年 同比增减 经营活动现金流入小计 7,321,901,519.76 3,978,446,231.41 84.04% 经营活动现金流出小计 7,839,084,982.66 3,421,516,518.98 129.11% 经营活动产生的现金流…","研发费用 3,929,093.15 -100.00% 本期无研发投入。 4、研发投入 □适用不适用 5、现金流 单位：元 项目 2024 年 2023 年 同比增减 经营活动现金流入小计 7,321,901,519.76 3,978,446,231.41 84.04% 经营活动现金流出小计 7,839,084,982.66 3,421,516,518.98 129.11% 经营活动产生的现金流…",False,False,False,True,
000619,海螺新材,szse_main,P0,profit_statement_研发费用_not_rnd_table,found,found,partial,partial,non-total label '研发费用',non-total label '研发费用',77,77,研发费用,研发费用,"研发费用=42,712,820.69","研发费用=42,712,820.69","研发费用 42,712,820.69 36,825,745.27 务费用 财 31,543,644.63 46,159,980.56 ： 其中 利息费用 44,342,107.97 59,280,115.30 利息收入 8,214,463.95 10,137,184.89 ： 加 其他收益 36,907,939.94 45,383,002.23 （ 投资 损失以 收益 “－”号填 ） 列 4,0…","研发费用 42,712,820.69 36,825,745.27 务费用 财 31,543,644.63 46,159,980.56 ： 其中 利息费用 44,342,107.97 59,280,115.30 利息收入 8,214,463.95 10,137,184.89 ： 加 其他收益 36,907,939.94 45,383,002.23 （ 投资 损失以 收益 “－”号填 ） 列 4,0…",False,False,False,True,
000626,远大控股,szse_main,P0,profit_statement_研发费用_not_rnd_table,found,found,partial,partial,non-total label '研发费用',non-total label '研发费用',28,28,研发费用,研发费用,"研发费用=23,055,740.66","研发费用=23,055,740.66","研发费用 23,055,740.66 32,474,942.47 -29.00% 4、研发投入 □适用 不适用 5、现金流 单位：元 项目 2024 年 2023 年 同比增减 经营活动现金流入小计 98,749,992,310.63 97,343,000,977.35 1.45% 经营活动现金流出小计 97,110,834,609.46 97,791,540,522.43 -0.70% 经营…","研发费用 23,055,740.66 32,474,942.47 -29.00% 4、研发投入 □适用 不适用 5、现金流 单位：元 项目 2024 年 2023 年 同比增减 经营活动现金流入小计 98,749,992,310.63 97,343,000,977.35 1.45% 经营活动现金流出小计 97,110,834,609.46 97,791,540,522.43 -0.70% 经营…",False,False,False,True,
000838,*ST发展,szse_main,P0,profit_statement_研发费用_not_rnd_table,found,found,partial,partial,non-total label '研发费用',non-total label '研发费用',20,20,研发费用,研发费用,"研发费用=2,248,209.02","研发费用=2,248,209.02","研发费用 2,248,209.02 1,406,815.65 59.81% 因技改及产品研发需 要新增技术人员 4、研发投入 □适用 不适用 5、现金流 单位：元 项目 2024 年 2023 年 同比增减 经营活动现金流入小计 490,999,229.04 868,838,920.77 -43.49% 经营活动现金流出小计 552,940,627.59 975,507,017.72 -43.…","研发费用 2,248,209.02 1,406,815.65 59.81% 因技改及产品研发需 要新增技术人员 4、研发投入 □适用 不适用 5、现金流 单位：元 项目 2024 年 2023 年 同比增减 经营活动现金流入小计 490,999,229.04 868,838,920.77 -43.49% 经营活动现金流出小计 552,940,627.59 975,507,017.72 -43.…",False,False,False,True,
000862,银星能源,szse_main,P0,profit_statement_研发费用_not_rnd_table,found,found,partial,partial,non-total label '研发费用',non-total label '研发费用',15,15,研发费用,研发费用,"研发费用=3,391,449.59","研发费用=3,391,449.59","研发费用 3,391,449.59 197,654.98 1,615.84% 主要原因系本期研发项目费 用化支出增加影响。 4、研发投入 □适用不适用 5、现金流 单位：元","研发费用 3,391,449.59 197,654.98 1,615.84% 主要原因系本期研发项目费 用化支出增加影响。 4、研发投入 □适用不适用 5、现金流 单位：元",False,False,False,True,
000885,城发环境,szse_main,P0,profit_statement_研发费用_not_rnd_table,found,found,partial,partial,non-total label '研发费用',non-total label '研发费用',20,20,研发费用,研发费用,"研发费用=20,847,470.91","研发费用=20,847,470.91","研发费用 20,847,470.91 49,300,546.69 -57.71% 公司研发支出投入有所减少 4、研发投入 □适用 不适用 5、现金流 单位：元 项目 2024 年 2023 年 同比增减 经营活动现金流入小计 4,479,881,529.65 4,680,206,875.63 -4.28% 经营活动现金流出小计 3,402,529,155.44 3,178,087,862.81…","研发费用 20,847,470.91 49,300,546.69 -57.71% 公司研发支出投入有所减少 4、研发投入 □适用 不适用 5、现金流 单位：元 项目 2024 年 2023 年 同比增减 经营活动现金流入小计 4,479,881,529.65 4,680,206,875.63 -4.28% 经营活动现金流出小计 3,402,529,155.44 3,178,087,862.81…",False,False,False,True,
000888,峨眉山A,szse_main,P0,profit_statement_研发费用_not_rnd_table,found,found,partial,partial,non-total label '研发费用',non-total label '研发费用',18,18,研发费用,研发费用,"研发费用=2,050,537.86","研发费用=2,050,537.86","研发费用 2,050,537.86 1,788,254.14 14.67% 4、研发投入 □适用不适用 5、现金流 单位：元 项目 2024 年 2023 年 同比增减 经营活动现金流入小计 1,087,247,579.66 1,135,113,135.65 -4.22% 经营活动现金流出小计 728,620,168.10 661,172,965.07 10.20% 经营活动产生的现金流量净…","研发费用 2,050,537.86 1,788,254.14 14.67% 4、研发投入 □适用不适用 5、现金流 单位：元 项目 2024 年 2023 年 同比增减 经营活动现金流入小计 1,087,247,579.66 1,135,113,135.65 -4.22% 经营活动现金流出小计 728,620,168.10 661,172,965.07 10.20% 经营活动产生的现金流量净…",False,False,False,True,
000892,欢瑞世纪,szse_main,P0,profit_statement_研发费用_not_rnd_table,found,found,partial,partial,non-total label '研发费用',non-total label '研发费用',16,16,研发费用,研发费用,"研发费用=3,602,868.85","研发费用=3,602,868.85","研发费用 3,602,868.85 3,220,134.55 11.89% 4、研发投入 □适用不适用 5、现金流 单位：元 项目 2024 年 2023 年 同比增减（%） 经营活动现金流入小计 402,444,686.88 643,663,782.36 -37.48 经营活动现金流出小计 514,649,416.92 464,809,046.69 10.72 经营活动产生的现金流量净额 -…","研发费用 3,602,868.85 3,220,134.55 11.89% 4、研发投入 □适用不适用 5、现金流 单位：元 项目 2024 年 2023 年 同比增减（%） 经营活动现金流入小计 402,444,686.88 643,663,782.36 -37.48 经营活动现金流出小计 514,649,416.92 464,809,046.69 10.72 经营活动产生的现金流量净额 -…",False,False,False,True,
000982,中银绒业,szse_main,P0,profit_statement_研发费用_not_rnd_table,found,found,partial,partial,non-total label '研发费用',non-total label '研发费用',21,21,研发费用,研发费用,"研发费用=10,176,568.37","研发费用=10,176,568.37","研发费用 10,176,568.37 2,446,366.20 315.99% 主要为河南万贯自 2022 年12 月纳入公 司合并范围，合并报 表比较期数据较低。 4、研发投入 □适用 不适用 5、现金流 单位：元 项目 2023 年 2022 年 同比增减 经营活动现金流入小计 579,764,384.72 504,955,434.85 14.81% 经营活动现金流出小计 532,412,…","研发费用 10,176,568.37 2,446,366.20 315.99% 主要为河南万贯自 2022 年12 月纳入公 司合并范围，合并报 表比较期数据较低。 4、研发投入 □适用 不适用 5、现金流 单位：元 项目 2023 年 2022 年 同比增减 经营活动现金流入小计 579,764,384.72 504,955,434.85 14.81% 经营活动现金流出小计 532,412,…",False,False,False,True,
001266,宏英智能,szse_main,P0,profit_statement_研发费用_not_rnd_table,found,found,partial,partial,non-total label '研发费用',non-total label '研发费用',18,18,研发费用,研发费用,"研发费用=59,622,666.69","研发费用=59,622,666.69","研发费用 59,622,666.69 69,709,772.32 -14.47% 4、研发投入 □适用☑不适用 5、现金流 单位：元 项目 2024 年 2023 年 同比增减 经营活动现金流入小计 718,415,241.00 389,535,013.10 84.43% 经营活动现金流出小计 643,630,670.05 393,701,360.43 63.48% 经营活动产生的现金流量净 额…","研发费用 59,622,666.69 69,709,772.32 -14.47% 4、研发投入 □适用☑不适用 5、现金流 单位：元 项目 2024 年 2023 年 同比增减 经营活动现金流入小计 718,415,241.00 389,535,013.10 84.43% 经营活动现金流出小计 643,630,670.05 393,701,360.43 63.48% 经营活动产生的现金流量净 额…",False,False,False,True,
001376,百通能源,szse_main,P0,profit_statement_研发费用_not_rnd_table,found,found,partial,partial,non-total label '研发费用',non-total label '研发费用',21,21,研发费用,研发费用,"研发费用=188,522.78","研发费用=188,522.78","研发费用 188,522.78 -100.00% 主要系本年度暂未开展研发项目导致； 4、研发投入 □适用不适用 5、现金流 单位：元 项目 2024 年 2023 年 同比增减 经营活动现金流入小计 1,196,415,067.11 1,214,707,944.02 -1.51% 经营活动现金流出小计 873,536,017.27 917,703,722.97 -4.81% 经营活动产生的现…","研发费用 188,522.78 -100.00% 主要系本年度暂未开展研发项目导致； 4、研发投入 □适用不适用 5、现金流 单位：元 项目 2024 年 2023 年 同比增减 经营活动现金流入小计 1,196,415,067.11 1,214,707,944.02 -1.51% 经营活动现金流出小计 873,536,017.27 917,703,722.97 -4.81% 经营活动产生的现…",False,False,False,True,
002003,伟星股份,szse_main,P0,profit_statement_研发费用_not_rnd_table,found,found,partial,partial,non-total label '研发费用',non-total label '研发费用',18,18,研发费用,研发费用,"研发费用=180,635,486.86","研发费用=180,635,486.86","研发费用 180,635,486.86 159,790,913.19 13.04% 公司需遵守 深圳证券交易所上市公司自律监管指引第3 号——行业信息披露》中纺织服 装相关业的披露要求 报告期，公司销售费用主要由职工薪酬、业务招待费、房租费、差旅费、折旧费、汽车费、 办公费等项目构成，具体详见本报告“第十节 财务报告”财务报表附注之“销售费用”。 4、纺织服装相关行业信息披露指引要求的其他信息…","研发费用 180,635,486.86 159,790,913.19 13.04% 公司需遵守 深圳证券交易所上市公司自律监管指引第3 号——行业信息披露》中纺织服 装相关业的披露要求 报告期，公司销售费用主要由职工薪酬、业务招待费、房租费、差旅费、折旧费、汽车费、 办公费等项目构成，具体详见本报告“第十节 财务报告”财务报表附注之“销售费用”。 4、纺织服装相关行业信息披露指引要求的其他信息…",False,False,False,True,
002016,世荣兆业,szse_main,P0,profit_statement_研发费用_not_rnd_table,found,found,partial,partial,non-total label '研发费用',non-total label '研发费用',21,21,研发费用,研发费用,"研发费用=43,655,948.20","研发费用=43,655,948.20","研发费用 43,655,948.20 35,473,304.43 23.07% 主要原因是本期研发 投入增加。 4、研发投入 □适用 不适用 5、现金流 单位：元","研发费用 43,655,948.20 35,473,304.43 23.07% 主要原因是本期研发 投入增加。 4、研发投入 □适用 不适用 5、现金流 单位：元",False,False,False,True,
002040,南京港,szse_main,P0,profit_statement_研发费用_not_rnd_table,found,found,partial,partial,non-total label '研发费用',non-total label '研发费用',14,14,研发费用,研发费用,"研发费用=14,945,169.56","研发费用=14,945,169.56","研发费用 14,945,169.56 19,891,324.32 -24.87% 4、研发投入 □适用 不适用 5、现金流 单位：元 项目 2024 年 2023 年 同比增减 经营活动现金流入小计 992,323,336.72 1,010,004,086.30 -1.75% 经营活动现金流出小计 654,993,845.95 656,605,462.10 -0.25% 经营活动产生的现金流量…","研发费用 14,945,169.56 19,891,324.32 -24.87% 4、研发投入 □适用 不适用 5、现金流 单位：元 项目 2024 年 2023 年 同比增减 经营活动现金流入小计 992,323,336.72 1,010,004,086.30 -1.75% 经营活动现金流出小计 654,993,845.95 656,605,462.10 -0.25% 经营活动产生的现金流量…",False,False,False,True,
002183,怡亚通,szse_main,P0,profit_statement_研发费用_not_rnd_table,found,found,partial,partial,non-total label '研发费用',non-total label '研发费用',26,26,研发费用,研发费用,"研发费用=30,166,379.00","研发费用=30,166,379.00","研发费用 30,166,379.00 26,910,913.00 12.10%","研发费用 30,166,379.00 26,910,913.00 12.10%",False,False,False,True,
002274,华昌化工,szse_main,P0,profit_statement_研发费用_not_rnd_table,found,found,partial,partial,non-total label '研发费用',non-total label '研发费用',32,32,研发费用,研发费用,"研发费用=89,148,417.08","研发费用=89,148,417.08","研发费用 89,148,417.08 101,660,905.52 -12.31% 4、研发投入 □适用 不适用 5、现金流 单位：元 项目 2024 年 2023 年 同比增减 经营活动现金流入小计 6,163,528,620.21 5,786,648,077.76 6.51% 经营活动现金流出小计 5,783,254,551.00 4,957,006,295.51 16.67% 经营活动产…","研发费用 89,148,417.08 101,660,905.52 -12.31% 4、研发投入 □适用 不适用 5、现金流 单位：元 项目 2024 年 2023 年 同比增减 经营活动现金流入小计 6,163,528,620.21 5,786,648,077.76 6.51% 经营活动现金流出小计 5,783,254,551.00 4,957,006,295.51 16.67% 经营活动产…",False,False,False,True,
002285,世联行,szse_main,P0,profit_statement_研发费用_not_rnd_table,found,found,partial,partial,non-total label '研发费用',non-total label '研发费用',26,26,研发费用,研发费用,"研发费用=25,892,781.46","研发费用=25,892,781.46","研发费用 25,892,781.46 33,466,200.40 -22.63% 税金及附加 13,650,358.04 19,852,326.70 -31.24% 公司营业收入减少，各项附加税减少。 其他收益 15,612,520.83 26,963,194.23 -42.10% 主要进项税加计抵减减少。 投资收益 -9,203,273.24 4,980,146.85 -284.80% 处置子…","研发费用 25,892,781.46 33,466,200.40 -22.63% 税金及附加 13,650,358.04 19,852,326.70 -31.24% 公司营业收入减少，各项附加税减少。 其他收益 15,612,520.83 26,963,194.23 -42.10% 主要进项税加计抵减减少。 投资收益 -9,203,273.24 4,980,146.85 -284.80% 处置子…",False,False,False,True,
002306,ST云网,szse_main,P0,profit_statement_研发费用_not_rnd_table,found,found,partial,partial,non-total label '研发费用',non-total label '研发费用',21,21,研发费用,研发费用,"研发费用=544,420.42","研发费用=544,420.42","研发费用 544,420.42 -100.00% 主要系剥离游戏业务 所致。 4、研发投入 □适用不适用 5、现金流 单位：元 项目 2024 年 2023 年 同比增减 经营活动现金流入小计 348,791,839.91 288,341,212.48 20.96% 经营活动现金流出小计 323,586,838.34 280,328,415.18 15.43% 经营活动产生的现金流量净 额 2…","研发费用 544,420.42 -100.00% 主要系剥离游戏业务 所致。 4、研发投入 □适用不适用 5、现金流 单位：元 项目 2024 年 2023 年 同比增减 经营活动现金流入小计 348,791,839.91 288,341,212.48 20.96% 经营活动现金流出小计 323,586,838.34 280,328,415.18 15.43% 经营活动产生的现金流量净 额 2…",False,False,False,True,
002366,融发核电,szse_main,P0,profit_statement_研发费用_not_rnd_table,found,found,partial,partial,non-total label '研发费用',non-total label '研发费用',17,17,研发费用,研发费用,"研发费用=38,430,907.86","研发费用=38,430,907.86","研发费用 38,430,907.86 22,955,102.45 67.42% 研发活动增加导致 4、研发投入 □适用 不适用 5、现金流 单位：元 项目 2024 年 2023 年 同比增减 经营活动现金流入小计 837,738,953.60 1,159,764,752.89 -27.77% 经营活动现金流出小计 1,194,076,135.73 1,910,303,844.42 -37.4…","研发费用 38,430,907.86 22,955,102.45 67.42% 研发活动增加导致 4、研发投入 □适用 不适用 5、现金流 单位：元 项目 2024 年 2023 年 同比增减 经营活动现金流入小计 837,738,953.60 1,159,764,752.89 -27.77% 经营活动现金流出小计 1,194,076,135.73 1,910,303,844.42 -37.4…",False,False,False,True,
002380,科远智慧,szse_main,P0,profit_statement_研发费用_not_rnd_table,found,found,partial,partial,non-total label '研发费用',non-total label '研发费用',17,17,研发费用,研发费用,"研发费用=175,659,119.77","研发费用=175,659,119.77","研发费用 175,659,119.77 143,778,915.26 22.17% 4、研发投入 □适用 不适用 5、现金流 单位：元 项目 2024 年 2023 年 同比增减 经营活动现金流入小计 1,232,322,613.08 1,165,814,261.47 5.70% 经营活动现金流出小计 1,012,656,398.13 993,514,875.66 1.93% 经营活动产生的现…","研发费用 175,659,119.77 143,778,915.26 22.17% 4、研发投入 □适用 不适用 5、现金流 单位：元 项目 2024 年 2023 年 同比增减 经营活动现金流入小计 1,232,322,613.08 1,165,814,261.47 5.70% 经营活动现金流出小计 1,012,656,398.13 993,514,875.66 1.93% 经营活动产生的现…",False,False,False,True,
002423,中粮资本,szse_main,P0,profit_statement_研发费用_not_rnd_table,found,found,partial,partial,non-total label '研发费用',non-total label '研发费用',20,20,研发费用,研发费用,"研发费用=18,618,680.89","研发费用=18,618,680.89","研发费用 18,618,680.89 36,798,009.45 -49.40% 主要系数字化投入减少所致","研发费用 18,618,680.89 36,798,009.45 -49.40% 主要系数字化投入减少所致",False,False,False,True,
002505,鹏都农牧,szse_main,P0,profit_statement_研发费用_not_rnd_table,found,found,partial,partial,non-total label '研发费用',non-total label '研发费用',23,23,研发费用,研发费用,"研发费用=14,419,778.40","研发费用=14,419,778.40",47.62% 主要是羊业研发费用,47.62% 主要是羊业研发费用,False,False,False,True,
002569,*ST步森,szse_main,P0,profit_statement_研发费用_not_rnd_table,found,found,partial,partial,non-total label '研发费用',non-total label '研发费用',18,18,研发费用,研发费用,"研发费用=1,132,896.32","研发费用=1,132,896.32","研发费用 1,132,896.32 2,689,981.96 -57.88% 主要原因为本期研发 投入减少所致 公司需遵守《深圳证券交易所上市公司自律监管指引第3 号——行业信息披露》中纺织服装相关业的披露要求 项 目 本期发生额 上期发生额 职工薪酬 12,452,242.20 14,423,420.58 运输及市场费 9,579,773.28 2,792,780.65 租赁及物业费 3,04…","研发费用 1,132,896.32 2,689,981.96 -57.88% 主要原因为本期研发 投入减少所致 公司需遵守《深圳证券交易所上市公司自律监管指引第3 号——行业信息披露》中纺织服装相关业的披露要求 项 目 本期发生额 上期发生额 职工薪酬 12,452,242.20 14,423,420.58 运输及市场费 9,579,773.28 2,792,780.65 租赁及物业费 3,04…",False,False,False,True,
002645,华宏科技,szse_main,P0,profit_statement_研发费用_not_rnd_table,found,found,partial,partial,non-total label '研发费用',non-total label '研发费用',21,21,研发费用,研发费用,"研发费用=183,452,705.08","研发费用=183,452,705.08","研发费用 183,452,705.08 261,404,316.02 -29.82% 4、研发投入 □适用 不适用 5、现金流 单位：元 项目 2024 年 2023 年 同比增减","研发费用 183,452,705.08 261,404,316.02 -29.82% 4、研发投入 □适用 不适用 5、现金流 单位：元 项目 2024 年 2023 年 同比增减",False,False,False,True,
002656,*ST摩登,szse_main,P0,profit_statement_研发费用_not_rnd_table,found,found,partial,partial,non-total label '研发费用',non-total label '研发费用',24,24,研发费用,研发费用,"研发费用=4,879,295.23","研发费用=4,879,295.23","研发费用 4,879,295.23 5,230,053.88 -6.71% 公司需遵守《深圳证券交易所上市公司自律监管指引第3 号——行业信息披露》中纺织服装相关业的披露要求 销售费用构成 2024 年 2023 年 同比增减 重大变动说明 工资及福利费用 45,416,008.57 44,756,608.63 1.47% 广告费用 11,510,698.36 11,701,141.32 -1.…","研发费用 4,879,295.23 5,230,053.88 -6.71% 公司需遵守《深圳证券交易所上市公司自律监管指引第3 号——行业信息披露》中纺织服装相关业的披露要求 销售费用构成 2024 年 2023 年 同比增减 重大变动说明 工资及福利费用 45,416,008.57 44,756,608.63 1.47% 广告费用 11,510,698.36 11,701,141.32 -1.…",False,False,False,True,
002679,福建金森,szse_main,P0,profit_statement_研发费用_not_rnd_table,found,found,partial,partial,non-total label '研发费用',non-total label '研发费用',15,15,研发费用,研发费用,"研发费用=967,072.49","研发费用=967,072.49","研发费用 967,072.49 -100.00% 报告期公司暂无研发 项目支出。 4、研发投入 □适用☑不适用 5、现金流 单位：元 项目 2024 年 2023 年 同比增减 经营活动现金流入小计 239,921,121.61 267,063,356.58 -10.16% 经营活动现金流出小计 162,881,793.67 197,054,774.54 -17.34%","研发费用 967,072.49 -100.00% 报告期公司暂无研发 项目支出。 4、研发投入 □适用☑不适用 5、现金流 单位：元 项目 2024 年 2023 年 同比增减 经营活动现金流入小计 239,921,121.61 267,063,356.58 -10.16% 经营活动现金流出小计 162,881,793.67 197,054,774.54 -17.34%",False,False,False,True,
002731,ST萃华,szse_main,P0,profit_statement_研发费用_not_rnd_table,found,found,partial,partial,non-total label '研发费用',non-total label '研发费用',39,39,研发费用,研发费用,"研发费用=4,029,595.74","研发费用=4,029,595.74",-76.10% 主要是报告期内子公司思特瑞锂业研发费用较上,-76.10% 主要是报告期内子公司思特瑞锂业研发费用较上,False,False,False,True,
002742,冀衡医药,szse_main,P0,profit_statement_研发费用_not_rnd_table,found,found,partial,partial,non-total label '研发费用',non-total label '研发费用',16,16,研发费用,研发费用,"研发费用=20,873,564.71","研发费用=20,873,564.71","研发费用 20,873,564.71 17,371,581.69 20.16% 医药板块加大了研发 投入 4、研发投入 □适用 不适用 5、现金流 单位：元 项目 2024 年 2023 年 同比增减 经营活动现金流入小计 967,827,045.65 1,301,041,752.23 -25.61% 经营活动现金流出小计 1,014,845,934.95 1,352,636,349.44 -…","研发费用 20,873,564.71 17,371,581.69 20.16% 医药板块加大了研发 投入 4、研发投入 □适用 不适用 5、现金流 单位：元 项目 2024 年 2023 年 同比增减 经营活动现金流入小计 967,827,045.65 1,301,041,752.23 -25.61% 经营活动现金流出小计 1,014,845,934.95 1,352,636,349.44 -…",False,False,False,True,
002769,普路通,szse_main,P0,profit_statement_研发费用_not_rnd_table,found,found,partial,partial,non-total label '研发费用',non-total label '研发费用',17,17,研发费用,研发费用,"研发费用=8,323,459.14","研发费用=8,323,459.14","研发费用 8,323,459.14 20,631,544.04 -59.66% 主要系研发人员减少 所致 4、研发投入 □适用 不适用 5、现金流 单位：元 项目 2024 年 2023 年 同比增减 经营活动现金流入小计 18,893,320,250.85 13,194,825,385.42 43.19% 经营活动现金流出小计 19,114,179,157.05 12,952,874,804…","研发费用 8,323,459.14 20,631,544.04 -59.66% 主要系研发人员减少 所致 4、研发投入 □适用 不适用 5、现金流 单位：元 项目 2024 年 2023 年 同比增减 经营活动现金流入小计 18,893,320,250.85 13,194,825,385.42 43.19% 经营活动现金流出小计 19,114,179,157.05 12,952,874,804…",False,False,False,True,
002879,长缆科技,szse_main,P0,profit_statement_研发费用_not_rnd_table,found,found,partial,partial,non-total label '研发费用',non-total label '研发费用',75,75,研发费用,研发费用,"研发费用=62,015,737.42","研发费用=62,015,737.42","研发费用 62,015,737.42 77,743,302.53 财务费用 -3,592,887.21 -5,263,807.21 其中：利息费用 2,367.30 利息收入 3,515,502.90 5,489,286.44 加：其他收益 14,148,870.73 11,262,766.63 投资收益（损失以“－”号填 列） 624,060.17 934,001.52","研发费用 62,015,737.42 77,743,302.53 财务费用 -3,592,887.21 -5,263,807.21 其中：利息费用 2,367.30 利息收入 3,515,502.90 5,489,286.44 加：其他收益 14,148,870.73 11,262,766.63 投资收益（损失以“－”号填 列） 624,060.17 934,001.52",False,False,False,True,
002891,中宠股份,szse_main,P0,profit_statement_研发费用_not_rnd_table,found,found,partial,partial,non-total label '研发费用',non-total label '研发费用',103,103,研发费用,研发费用,"研发费用=69,612,471.50","研发费用=69,612,471.50","研发费用 69,612,471.50 45,628,889.30 财务费用 24,502,437.25 21,922,056.39 其中：利息费用 29,075,700.95 27,507,013.21 利息收入 1,920,469.76 2,866,872.45 加：其他收益 9,664,088.87 2,961,670.64 投资收益（损失以“－”号填 列） 186,694,316.07 1…","研发费用 69,612,471.50 45,628,889.30 财务费用 24,502,437.25 21,922,056.39 其中：利息费用 29,075,700.95 27,507,013.21 利息收入 1,920,469.76 2,866,872.45 加：其他收益 9,664,088.87 2,961,670.64 投资收益（损失以“－”号填 列） 186,694,316.07 1…",False,False,False,True,
002892,科力尔,szse_main,P0,profit_statement_研发费用_not_rnd_table,found,found,partial,partial,non-total label '研发费用',non-total label '研发费用',218,218,研发费用,研发费用,"研发费用=45,332,559.94","研发费用=45,332,559.94",研发费用加计扣除,研发费用加计扣除,False,False,False,True,
002896,中大力德,szse_main,P0,profit_statement_研发费用_not_rnd_table,found,found,partial,partial,non-total label '研发费用',non-total label '研发费用',87,87,研发费用,研发费用,"研发费用=63,849,545.74","研发费用=63,849,545.74","研发费用 63,849,545.74 70,001,981.14 财务费用 4,296,937.41 2,911,285.69 其中：利息费用 3,221,757.80 4,101,574.51 利息收入 393,091.32 830,719.51 加：其他收益 21,158,209.89 22,778,065.94 投资收益（损失以“－”号填 列） -1,171,469.31 21,932.6…","研发费用 63,849,545.74 70,001,981.14 财务费用 4,296,937.41 2,911,285.69 其中：利息费用 3,221,757.80 4,101,574.51 利息收入 393,091.32 830,719.51 加：其他收益 21,158,209.89 22,778,065.94 投资收益（损失以“－”号填 列） -1,171,469.31 21,932.6…",False,False,False,True,
300251,光线传媒,chinext,P0,profit_statement_研发费用_not_rnd_table,found,found,partial,partial,non-total label '研发费用',non-total label '研发费用',18,18,研发费用,研发费用,"研发费用=32,995,133.87","研发费用=32,995,133.87","研发费用 32,995,133.87 31,827,183.73 3.67% 4、研发投入 □适用 不适用 5、现金流 单位：元 项目 2024 年 2023 年 同比增减 经营活动现金流入小计 1,738,362,097.06 1,780,954,000.78 -2.39% 经营活动现金流出小计 1,399,605,102.69 1,138,858,976.87 22.90% 经营活动产生的…","研发费用 32,995,133.87 31,827,183.73 3.67% 4、研发投入 □适用 不适用 5、现金流 单位：元 项目 2024 年 2023 年 同比增减 经营活动现金流入小计 1,738,362,097.06 1,780,954,000.78 -2.39% 经营活动现金流出小计 1,399,605,102.69 1,138,858,976.87 22.90% 经营活动产生的…",False,False,False,True,
300280,紫天退,chinext,P0,profit_statement_研发费用_not_rnd_table,found,found,partial,partial,non-total label '研发费用',non-total label '研发费用',17,17,研发费用,研发费用,"研发费用=1,139,047.56","研发费用=1,139,047.56","研发费用 1,139,047.56 8,503,967.27 -86.61% 4、研发投入 □适用不适用 5、现金流 单位：元 项目 2023 年 2022 年 同比增减 经营活动现金流入小计 3,287,207,012.29 1,144,304,714.06 187.27% 经营活动现金流出小计 2,945,881,687.92 1,866,605,702.90 57.82% 经营活动产生的…","研发费用 1,139,047.56 8,503,967.27 -86.61% 4、研发投入 □适用不适用 5、现金流 单位：元 项目 2023 年 2022 年 同比增减 经营活动现金流入小计 3,287,207,012.29 1,144,304,714.06 187.27% 经营活动现金流出小计 2,945,881,687.92 1,866,605,702.90 57.82% 经营活动产生的…",False,False,False,True,
300518,新迅达,chinext,P0,profit_statement_研发费用_not_rnd_table,found,found,partial,partial,non-total label '研发费用',non-total label '研发费用',18,18,研发费用,研发费用,"研发费用=865,637.07","研发费用=865,637.07","研发费用 865,637.07 系原孙公司山东天宜 鸿达产生的研发支出 4、研发投入 □适用 不适用 5、现金流 单位：元 项目 2024 年 2023 年 同比增减 经营活动现金流入小计 341,702,076.66 453,950,353.61 -24.73% 经营活动现金流出小计 466,837,939.05 505,176,082.65 -7.59% 经营活动产生的现金流量净 额 -1…","研发费用 865,637.07 系原孙公司山东天宜 鸿达产生的研发支出 4、研发投入 □适用 不适用 5、现金流 单位：元 项目 2024 年 2023 年 同比增减 经营活动现金流入小计 341,702,076.66 453,950,353.61 -24.73% 经营活动现金流出小计 466,837,939.05 505,176,082.65 -7.59% 经营活动产生的现金流量净 额 -1…",False,False,False,True,
300810,中科海讯,chinext,P0,profit_statement_研发费用_not_rnd_table,found,found,partial,partial,non-total label '研发费用',non-total label '研发费用',118,118,研发费用,研发费用,"研发费用=24,118,684.69","研发费用=24,118,684.69","研发费用 24,118,684.69 24,052,806.97 财务费用 1,875,300.23 116,543.89 其中：利息费用 2,705,923.23 1,250,634.80 利息收入 857,408.12 1,215,655.10 加：其他收益 15,554,056.37 3,580,000.61 投资收益（损失以“－”号填 列） 2,009,443.66 2,421,407.…","研发费用 24,118,684.69 24,052,806.97 财务费用 1,875,300.23 116,543.89 其中：利息费用 2,705,923.23 1,250,634.80 利息收入 857,408.12 1,215,655.10 加：其他收益 15,554,056.37 3,580,000.61 投资收益（损失以“－”号填 列） 2,009,443.66 2,421,407.…",False,False,False,True,
301382,蜂助手,chinext,P0,profit_statement_研发费用_not_rnd_table,found,found,partial,partial,non-total label '研发费用',non-total label '研发费用',32,32,研发费用,研发费用,"研发费用=61,781,234.74","研发费用=61,781,234.74","研发费用 61,781,234.74 58,603,621.75 5.42% 4、研发投入 项目 2024 年 2023 年 变动比例 研发人员数量（人） 246 241 2.07% 研发人员数量占比 52.45% 46.71% 5.74% 研发人员学历 本科 215 188 14.36% 硕士 8 11 -27.27% 研发人员年龄构成 30 岁以下 65 85 -23.53% 30~40 岁…","研发费用 61,781,234.74 58,603,621.75 5.42% 4、研发投入 项目 2024 年 2023 年 变动比例 研发人员数量（人） 246 241 2.07% 研发人员数量占比 52.45% 46.71% 5.74% 研发人员学历 本科 215 188 14.36% 硕士 8 11 -27.27% 研发人员年龄构成 30 岁以下 65 85 -23.53% 30~40 岁…",False,False,False,True,
600011,华能国际,sse_main,P0,profit_statement_研发费用_not_rnd_table,found,found,usable,usable,total R&D label '研发投入合计' amount>=100000,total R&D label '研发投入合计' amount>=100000,18,18,研发投入情况表 (situation_table),研发投入情况表 (situation_table),"研发投入合计=1,696,000,000","研发投入合计=1,696,000,000","研发投入情况表 √适用 □不适用 单位：亿元 本期费用化研发投入 16.58 本期资本化研发投入 0.38 研发投入合计 16.96 研发投入总额占营业收入比例（%） 0.69 研发投入资本化的比重（%） 2.24 (2).研发人员情况表 √适用 □不适用 公司研发人员的数量 14,372 研发人员数量占公司总人数的比例（%） 25.54 研发人员学历结构 学历结构类别 学历结构人数 博士研究生…","研发投入情况表 √适用 □不适用 单位：亿元 本期费用化研发投入 16.58 本期资本化研发投入 0.38 研发投入合计 16.96 研发投入总额占营业收入比例（%） 0.69 研发投入资本化的比重（%） 2.24 (2).研发人员情况表 √适用 □不适用 公司研发人员的数量 14,372 研发人员数量占公司总人数的比例（%） 25.54 研发人员学历结构 学历结构类别 学历结构人数 博士研究生…",False,False,False,True,
600020,中原高速,sse_main,P0,profit_statement_研发费用_not_rnd_table,found,found,usable,usable,total R&D label '研发投入合计' amount>=100000,total R&D label '研发投入合计' amount>=100000,19,19,研发投入情况表 (situation_table),研发投入情况表 (situation_table),"研发投入合计=6,407,300","研发投入合计=6,407,300",研发投入情况表 √适用 □不适用 单位：万元 本期费用化研发投入 192.43 本期资本化研发投入 448.30 研发投入合计 640.73 研发投入总额占营业收入比例（%） 0.09 研发投入资本化的比重（%） 69.97 (2).研发人员情况表 □适用 √不适用 (3).情况说明 √适用 □不适用 主要研发 项目名称 研发目的 项目进展 项目目标 预计对公司未来发展的影响 多种自由 流收费和…,研发投入情况表 √适用 □不适用 单位：万元 本期费用化研发投入 192.43 本期资本化研发投入 448.30 研发投入合计 640.73 研发投入总额占营业收入比例（%） 0.09 研发投入资本化的比重（%） 69.97 (2).研发人员情况表 □适用 √不适用 (3).情况说明 √适用 □不适用 主要研发 项目名称 研发目的 项目进展 项目目标 预计对公司未来发展的影响 多种自由 流收费和…,False,False,False,True,
600029,南方航空,sse_main,P0,not_found_but_table_evidence,found,found,usable,usable,total R&D label '研发投入合计' amount>=100000,total R&D label '研发投入合计' amount>=100000,22,22,研发投入情况表 (situation_table),研发投入情况表 (situation_table),"研发投入合计=545,000,000","研发投入合计=545,000,000",研发投入情况表 单位：百万元 币种：人民币 本期费用化研发投入 544 本期资本化研发投入 1 研发投入合计 545 研发投入总额占营业收入比例（%） 0.31 研发投入资本化的比重（%） 0.18,研发投入情况表 单位：百万元 币种：人民币 本期费用化研发投入 544 本期资本化研发投入 1 研发投入合计 545 研发投入总额占营业收入比例（%） 0.31 研发投入资本化的比重（%） 0.18,False,False,False,True,
600057,厦门象屿,sse_main,P0,expensed_vs_total_anchor_collision,found,found,usable,usable,total R&D label '研发投入合计' amount>=100000,total R&D label '研发投入合计' amount>=100000,27,27,研发投入情况表 (situation_table),研发投入情况表 (situation_table),"研发投入合计=116,710,200","研发投入合计=116,710,200","研发投入情况表 √适用 □不适用 单位：万元 本期费用化研发投入 9,622.42 本期资本化研发投入 2,048.60","研发投入情况表 √适用 □不适用 单位：万元 本期费用化研发投入 9,622.42 本期资本化研发投入 2,048.60",False,False,False,True,
600082,ST海泰,sse_main,P0,profit_statement_研发费用_not_rnd_table,found,found,partial,partial,non-total label '研发费用',non-total label '研发费用',11,11,研发费用,研发费用,"研发费用=724,358,697.29","研发费用=724,358,697.29","研发费用 经营活动产生的现金流量净额 724,358,697.29 454,707,999.89 59.30 投资活动产生的现金流量净额 -29,836,152.89 -114,756,084.43 不适用 筹资活动产生的现金流量净额 -499,597,397.71 -256,181,401.46 不适用 本期公司业务类型、利润构成或利润来源发生重大变动的详细说明 □适用√不适用 2、收入和成本…","研发费用 经营活动产生的现金流量净额 724,358,697.29 454,707,999.89 59.30 投资活动产生的现金流量净额 -29,836,152.89 -114,756,084.43 不适用 筹资活动产生的现金流量净额 -499,597,397.71 -256,181,401.46 不适用 本期公司业务类型、利润构成或利润来源发生重大变动的详细说明 □适用√不适用 2、收入和成本…",False,False,False,True,
600088,中视传媒,sse_main,P0,profit_statement_研发费用_not_rnd_table,found,found,partial,partial,non-total label '研发费用',non-total label '研发费用',13,13,研发费用,研发费用,"研发费用=2,863,889.20","研发费用=2,863,889.20","研发费用 其他收益 2,863,889.20 9,297,217.52 -69.20","研发费用 其他收益 2,863,889.20 9,297,217.52 -69.20",False,False,False,True,
600097,开创国际,sse_main,P0,not_found_but_table_evidence,found,found,usable,usable,total R&D label '研发投入合计' amount>=100000,total R&D label '研发投入合计' amount>=100000,12,12,研发投入情况表 (situation_table),研发投入情况表 (situation_table),"研发投入合计=1,228,000","研发投入合计=1,228,000",研发投入情况表 √适用 □不适用 单位：万元 本期费用化研发投入 122.80 本期资本化研发投入 研发投入合计 122.80 研发投入总额占营业收入比例（%） 0.05 研发投入资本化的比重（%） (2).研发人员情况表 □适用 √不适用 (3).情况说明 □适用 √不适用,研发投入情况表 √适用 □不适用 单位：万元 本期费用化研发投入 122.80 本期资本化研发投入 研发投入合计 122.80 研发投入总额占营业收入比例（%） 0.05 研发投入资本化的比重（%） (2).研发人员情况表 □适用 √不适用 (3).情况说明 □适用 √不适用,False,False,False,True,
600113,浙江东日,sse_main,P0,not_found_but_table_evidence,found,found,usable,usable,total R&D label '研发投入合计' amount>=100000,total R&D label '研发投入合计' amount>=100000,16,16,研发投入情况表 (situation_table),研发投入情况表 (situation_table),"研发投入合计=9,036,200","研发投入合计=9,036,200",研发投入情况表 √适用 □不适用 单位：万元 本期费用化研发投入 903.62 本期资本化研发投入 研发投入合计 903.62 研发投入总额占营业收入比例（%） 1.25 研发投入资本化的比重（%） (2).研发人员情况表 √适用□不适用,研发投入情况表 √适用 □不适用 单位：万元 本期费用化研发投入 903.62 本期资本化研发投入 研发投入合计 903.62 研发投入总额占营业收入比例（%） 1.25 研发投入资本化的比重（%） (2).研发人员情况表 √适用□不适用,False,False,False,True,
600115,中国东航,sse_main,P0,not_found_but_table_evidence,found,found,usable,usable,total R&D label '研发投入合计' amount>=100000,total R&D label '研发投入合计' amount>=100000,25,25,研发投入情况表 (situation_table),研发投入情况表 (situation_table),"研发投入合计=350,000,000","研发投入合计=350,000,000",研发投入情况表 单位：人民币百万元 本期费用化研发投入 343 本期资本化研发投入 7 研发投入合计 350 研发投入总额占营业收入比例（%） 0.26 研发投入资本化的比重（%） 2.00,研发投入情况表 单位：人民币百万元 本期费用化研发投入 343 本期资本化研发投入 7 研发投入合计 350 研发投入总额占营业收入比例（%） 0.26 研发投入资本化的比重（%） 2.00,False,False,False,True,
600125,铁龙物流,sse_main,P0,not_found_but_table_evidence,found,found,usable,usable,total R&D label '研发投入合计' amount>=100000,total R&D label '研发投入合计' amount>=100000,13,13,研发投入情况表 (situation_table),研发投入情况表 (situation_table),"研发投入合计=282,500","研发投入合计=282,500",研发投入情况表 √适用 □不适用 单位:万元 本期费用化研发投入 28.25 本期资本化研发投入 研发投入合计 28.25 研发投入总额占营业收入比例（%） 0.002 研发投入资本化的比重（%） (2).研发人员情况表 √适用□不适用 公司研发人员的数量(人) 17 研发人员数量占公司总人数的比例（%） 0.8 研发人员学历结构 学历结构类别 学历结构人数 博士研究生(人) 硕士研究生(人)…,研发投入情况表 √适用 □不适用 单位:万元 本期费用化研发投入 28.25 本期资本化研发投入 研发投入合计 28.25 研发投入总额占营业收入比例（%） 0.002 研发投入资本化的比重（%） (2).研发人员情况表 √适用□不适用 公司研发人员的数量(人) 17 研发人员数量占公司总人数的比例（%） 0.8 研发人员学历结构 学历结构类别 学历结构人数 博士研究生(人) 硕士研究生(人)…,False,False,False,True,
600185,珠免集团,sse_main,P0,profit_statement_研发费用_not_rnd_table,found,found,partial,partial,non-total label '研发费用',non-total label '研发费用',13,13,研发费用,研发费用,"研发费用=4,162,652.70","研发费用=4,162,652.70","研发费用 4,162,652.70 3,669,989.74 13.42 经营活动产生的现金流量净额 768,750,074.03 5,578,447,425.10 -86.22 投资活动产生的现金流量净额 -33,778,301.67 1,727,694,034.01 -101.96 筹资活动产生的现金流量净额 -956,751,303.40 -6,198,162,993.35 不适用 本期公…","研发费用 4,162,652.70 3,669,989.74 13.42 经营活动产生的现金流量净额 768,750,074.03 5,578,447,425.10 -86.22 投资活动产生的现金流量净额 -33,778,301.67 1,727,694,034.01 -101.96 筹资活动产生的现金流量净额 -956,751,303.40 -6,198,162,993.35 不适用 本期公…",False,False,False,True,
600234,科新发展,sse_main,P0,profit_statement_研发费用_not_rnd_table,found,found,partial,partial,non-total label '研发费用',non-total label '研发费用',18,18,研发费用,研发费用,"研发费用=1,447,200.45","研发费用=1,447,200.45","研发费用 1,447,200.45 -100.00 4、研发投入 (1).研发投入情况表 □适用 √不适用 (2).研发人员情况表 □适用√不适用 (3).情况说明 □适用√不适用 (4).研发人员构成发生重大变化的原因及对公司未来发展的影响 □适用√不适用 5、现金流 √适用□不适用 科目 本期数 上年同期数 变动比例（%） 经营活动产生的现金流量净额 -12,353,998.83 -39,2…","研发费用 1,447,200.45 -100.00 4、研发投入 (1).研发投入情况表 □适用 √不适用 (2).研发人员情况表 □适用√不适用 (3).情况说明 □适用√不适用 (4).研发人员构成发生重大变化的原因及对公司未来发展的影响 □适用√不适用 5、现金流 √适用□不适用 科目 本期数 上年同期数 变动比例（%） 经营活动产生的现金流量净额 -12,353,998.83 -39,2…",False,False,False,True,
600238,*ST椰岛,sse_main,P0,not_found_but_table_evidence,not_found,not_found,not_found_unverified,not_found_unverified,status=not_found (unverified by automation),status=not_found (unverified by automation),18,18,费用化研发投入,费用化研发投入,研发投入合计 536.73 研发投入总额占营业收入比例（%） 3.06 研发投入资本化的比重（%） (2).研发人员情况表 √适用□不适用 公司研发人员的数量 29 研发人员数量占公司总人数的比例（%） 7.47 研发人员学历结构 学历结构类别 学历结构人数 硕士研究生 4 本科 19 专科 4 高中及以下 2 研发人员年龄结构 年龄结构类别 年龄结构人数 ,研发投入合计 536.73 研发投入总额占营业收入比例（%） 3.06 研发投入资本化的比重（%） (2).研发人员情况表 √适用□不适用 公司研发人员的数量 29 研发人员数量占公司总人数的比例（%） 7.47 研发人员学历结构 学历结构类别 学历结构人数 硕士研究生 4 本科 19 专科 4 高中及以下 2 研发人员年龄结构 年龄结构类别 年龄结构人数 ,费用化研发投入 536.73 本期资本化研发投入 研发投入合计 536.73 研发投入总额占营业收入比例（%） 3.06 研发投入资本化的比重（%） (2).研发人员情况表 √适用□不适用 公司研发人员的数量 29 研发人员数量占公司总人数的比例（%） 7.47 研发人员学历结构 学历结构类别 学历结构人数 硕士研究生 4 本科 19 专科 4 高中及以下 2 研发人员年龄结构 年龄结构类别 年…,费用化研发投入 536.73 本期资本化研发投入 研发投入合计 536.73 研发投入总额占营业收入比例（%） 3.06 研发投入资本化的比重（%） (2).研发人员情况表 √适用□不适用 公司研发人员的数量 29 研发人员数量占公司总人数的比例（%） 7.47 研发人员学历结构 学历结构类别 学历结构人数 硕士研究生 4 本科 19 专科 4 高中及以下 2 研发人员年龄结构 年龄结构类别 年…,False,False,False,True,
600310,广西能源,sse_main,P0,expensed_vs_total_anchor_collision,found,found,partial,partial,non-total label '费用化研发投入',non-total label '费用化研发投入',25,25,费用化研发投入,费用化研发投入,"费用化研发投入=16,893,092.03","费用化研发投入=16,893,092.03","费用化研发投入 16,893,092.03 本期资本化研发投入","费用化研发投入 16,893,092.03 本期资本化研发投入",False,False,False,True,
600346,恒力石化,sse_main,P0,profit_statement_研发费用_not_rnd_table,found,found,usable,usable,total R&D label '研发投入合计' amount>=100000,total R&D label '研发投入合计' amount>=100000,28,28,研发投入情况表 (situation_table),研发投入情况表 (situation_table),"研发投入合计=1,703,000,000","研发投入合计=1,703,000,000","研发投入情况表 √适用 □不适用 单位：亿元 本期费用化研发投入 17.03 本期资本化研发投入 - 研发投入合计 17.03 研发投入总额占营业收入比例（%） 0.72 研发投入资本化的比重（%） - (2).研发人员情况表 √适用□不适用 公司研发人员的数量 3,779 研发人员数量占公司总人数的比例（%） 9.87 研发人员学历结构 学历结构类别 学历结构人数 博士研究生 16 硕士研究生…","研发投入情况表 √适用 □不适用 单位：亿元 本期费用化研发投入 17.03 本期资本化研发投入 - 研发投入合计 17.03 研发投入总额占营业收入比例（%） 0.72 研发投入资本化的比重（%） - (2).研发人员情况表 √适用□不适用 公司研发人员的数量 3,779 研发人员数量占公司总人数的比例（%） 9.87 研发人员学历结构 学历结构类别 学历结构人数 博士研究生 16 硕士研究生…",False,False,False,True,
600354,敦煌种业,sse_main,P0,expensed_vs_total_anchor_collision,found,found,usable,usable,total R&D label '研发投入合计' amount>=100000,total R&D label '研发投入合计' amount>=100000,12,12,研发投入情况表 (situation_table),研发投入情况表 (situation_table),"研发投入合计=26,459,835","研发投入合计=26,459,835","研发投入情况表 √适用 □不适用 单位：元 本期费用化研发投入 20,312,119.73 本期资本化研发投入 6,147,715.42","研发投入情况表 √适用 □不适用 单位：元 本期费用化研发投入 20,312,119.73 本期资本化研发投入 6,147,715.42",False,False,False,True,
600362,江西铜业,sse_main,P0,not_found_but_table_evidence,found,found,usable,usable,total R&D label '研发投入合计' amount>=100000,total R&D label '研发投入合计' amount>=100000,20,20,费用化研发投入 (situation_table),费用化研发投入 (situation_table),"研发投入合计=6,012,000,000","研发投入合计=6,012,000,000","费用化研发投入 55.21 本期资本化研发投入 4.91 研发投入合计 60.12 研发投入总额占营业收入比例（%） 1.15 研发投入资本化的比重（%） 8.17 (2).研发人员情况表 √适用□不适用 公司研发人员的数量 2,234 研发人员数量占公司总人数的比例（%） 8.47 研发人员学历结构 学历结构类别 学历结构人数 博士研究生 260 硕士研究生 392 本科 1,099 专科 3…","费用化研发投入 55.21 本期资本化研发投入 4.91 研发投入合计 60.12 研发投入总额占营业收入比例（%） 1.15 研发投入资本化的比重（%） 8.17 (2).研发人员情况表 √适用□不适用 公司研发人员的数量 2,234 研发人员数量占公司总人数的比例（%） 8.47 研发人员学历结构 学历结构类别 学历结构人数 博士研究生 260 硕士研究生 392 本科 1,099 专科 3…",False,False,False,True,
600487,亨通光电,sse_main,P0,expensed_vs_total_anchor_collision,found,found,usable,usable,total R&D label '研发投入合计' amount>=100000,total R&D label '研发投入合计' amount>=100000,40,40,研发投入情况表 (situation_table),研发投入情况表 (situation_table),"研发投入合计=1,894,602,593","研发投入合计=1,894,602,593","研发投入情况表 √适用 □不适用 单位：元 本期费用化研发投入 1,741,785,134.75 本期资本化研发投入 152,817,458.68","研发投入情况表 √适用 □不适用 单位：元 本期费用化研发投入 1,741,785,134.75 本期资本化研发投入 152,817,458.68",False,False,False,True,
600508,上海能源,sse_main,P0,profit_statement_研发费用_not_rnd_table,found,found,partial,partial,non-total label '研发费用',non-total label '研发费用',14,14,研发费用,研发费用,"研发费用=62,319,527.52","研发费用=62,319,527.52","研发费用 62,319,527.52 48,248,473.78 29.16 经营活动产生的现金流量净额 1,276,503,895.17 1,383,326,322.60 -7.72 投资活动产生的现金流量净额 -1,202,530,844.08 -1,107,965,024.27 8.54 筹资活动产生的现金流量净额 -589,786,722.21 -331,887,482.00 77.71…","研发费用 62,319,527.52 48,248,473.78 29.16 经营活动产生的现金流量净额 1,276,503,895.17 1,383,326,322.60 -7.72 投资活动产生的现金流量净额 -1,202,530,844.08 -1,107,965,024.27 8.54 筹资活动产生的现金流量净额 -589,786,722.21 -331,887,482.00 77.71…",False,False,False,True,
600512,腾达建设,sse_main,P0,expensed_vs_total_anchor_collision,found,found,partial,partial,non-total label '费用化研发投入',non-total label '费用化研发投入',16,16,费用化研发投入,费用化研发投入,"费用化研发投入=148,294,836.70","费用化研发投入=148,294,836.70","费用化研发投入 148,294,836.70 本期资本化研发投入 0.00","费用化研发投入 148,294,836.70 本期资本化研发投入 0.00",False,False,False,True,
600565,ST迪马,sse_main,P0,expensed_vs_total_anchor_collision,found,found,usable,usable,total R&D label '研发投入合计' amount>=100000,total R&D label '研发投入合计' amount>=100000,24,24,研发投入情况表 (situation_table),研发投入情况表 (situation_table),"研发投入合计=51,565,213","研发投入合计=51,565,213","研发投入情况表 √适用 □不适用 单位：元 本期费用化研发投入 46,326,410.65 本期资本化研发投入 5,238,802.20","研发投入情况表 √适用 □不适用 单位：元 本期费用化研发投入 46,326,410.65 本期资本化研发投入 5,238,802.20",False,False,False,True,
600694,大商股份,sse_main,P0,profit_statement_研发费用_not_rnd_table,found,found,partial,partial,non-total label '研发费用',non-total label '研发费用',11,11,研发费用,研发费用,"研发费用=1,075,716,890.02","研发费用=1,075,716,890.02","研发费用 经营活动产生的现金流量净额 1,075,716,890.02 1,648,239,226.28 -34.74 投资活动产生的现金流量净额 476,396,732.78 -578,472,191.99 -182.35 筹资活动产生的现金流量净额 -888,937,145.42 -857,894,371.40 3.62 财务费用变动原因说明：主要是未确认融资费用减少。 经营活动产生的现金流…","研发费用 经营活动产生的现金流量净额 1,075,716,890.02 1,648,239,226.28 -34.74 投资活动产生的现金流量净额 476,396,732.78 -578,472,191.99 -182.35 筹资活动产生的现金流量净额 -888,937,145.42 -857,894,371.40 3.62 财务费用变动原因说明：主要是未确认融资费用减少。 经营活动产生的现金流…",False,False,False,True,
600696,退市岩石,sse_main,P0,profit_statement_研发费用_not_rnd_table,found,found,partial,partial,non-total label '研发费用',non-total label '研发费用',12,12,研发费用,研发费用,"研发费用=1,253,000.30","研发费用=1,253,000.30","研发费用 1,253,000.30 -100.00 财务费用 19,209,066.71 19,508,514.72 -1.53 其他收益 7,409,850.40 31,153,486.61 -76.22","研发费用 1,253,000.30 -100.00 财务费用 19,209,066.71 19,508,514.72 -1.53 其他收益 7,409,850.40 31,153,486.61 -76.22",False,False,False,True,
600705,中航产融,sse_main,P0,profit_statement_研发费用_not_rnd_table,found,found,partial,partial,non-total label '研发费用',non-total label '研发费用',12,12,研发费用,研发费用,"研发费用=53,647,154.36","研发费用=53,647,154.36","研发费用 53,647,154.36 54,559,366.39 -1.67 经营活动产生的现金流量净额 7,256,749,729.74 20,065,850,228.44 -63.84 投资活动产生的现金流量净额 -12,184,427,708.26 -1,339,109,517.47 不适用 筹资活动产生的现金流量净额 -6,737,604,259.66 -8,818,016,521.90…","研发费用 53,647,154.36 54,559,366.39 -1.67 经营活动产生的现金流量净额 7,256,749,729.74 20,065,850,228.44 -63.84 投资活动产生的现金流量净额 -12,184,427,708.26 -1,339,109,517.47 不适用 筹资活动产生的现金流量净额 -6,737,604,259.66 -8,818,016,521.90…",False,False,False,True,
600706,曲江文旅,sse_main,P0,profit_statement_研发费用_not_rnd_table,found,found,partial,partial,non-total label '研发费用',non-total label '研发费用',11,11,研发费用,研发费用,"研发费用=205,019,979.73","研发费用=205,019,979.73","研发费用 经营活动产生的现金流量净额 205,019,979.73 253,376,466.49 -19.08 投资活动产生的现金流量净额 -26,498,042.35 -64,699,773.23 不适用 筹资活动产生的现金流量净额 -205,569,505.50 -192,489,782.08 不适用 投资活动产生的现金流量净额变动原因说明：主要是本期处置子公司及其他营业单位收回的现金净 额…","研发费用 经营活动产生的现金流量净额 205,019,979.73 253,376,466.49 -19.08 投资活动产生的现金流量净额 -26,498,042.35 -64,699,773.23 不适用 筹资活动产生的现金流量净额 -205,569,505.50 -192,489,782.08 不适用 投资活动产生的现金流量净额变动原因说明：主要是本期处置子公司及其他营业单位收回的现金净 额…",False,False,False,True,
600715,文投控股,sse_main,P0,expensed_vs_total_anchor_collision,found,found,partial,partial,non-total label '费用化研发投入',non-total label '费用化研发投入',17,17,费用化研发投入,费用化研发投入,"费用化研发投入=48,382,936.90","费用化研发投入=48,382,936.90","费用化研发投入 48,382,936.90 本期资本化研发投入 -","费用化研发投入 48,382,936.90 本期资本化研发投入 -",False,False,False,True,
600733,北汽蓝谷,sse_main,P0,expensed_vs_total_anchor_collision,found,found,usable,usable,total R&D label '研发投入合计' amount>=100000,total R&D label '研发投入合计' amount>=100000,16,16,研发投入情况表 (situation_table),研发投入情况表 (situation_table),"研发投入合计=3,191,257,789","研发投入合计=3,191,257,789","研发投入情况表 √适用 □不适用 单位：元 本期费用化研发投入 94,380,985.37 本期资本化研发投入 3,096,876,803.58","研发投入情况表 √适用 □不适用 单位：元 本期费用化研发投入 94,380,985.37 本期资本化研发投入 3,096,876,803.58",False,False,False,True,
600758,辽宁能源,sse_main,P0,profit_statement_研发费用_not_rnd_table,found,found,partial,partial,non-total label '研发费用',non-total label '研发费用',9,9,研发费用,研发费用,"研发费用=1,229,541.13","研发费用=1,229,541.13",研发费用变动原因说明：报告期内，研发费用同比减少，主要是本年未发生研发费用影响。,研发费用变动原因说明：报告期内，研发费用同比减少，主要是本年未发生研发费用影响。,False,False,False,True,
600798,宁波海运,sse_main,P0,not_found_but_table_evidence,found,found,usable,usable,total R&D label '研发投入合计' amount>=100000,total R&D label '研发投入合计' amount>=100000,16,16,研发投入情况表 (situation_table),研发投入情况表 (situation_table),"研发投入合计=188,200","研发投入合计=188,200",研发投入情况表 √适用 □不适用 单位：万元 本期费用化研发投入 18.82 本期资本化研发投入 研发投入合计 18.82 研发投入总额占营业收入比例（%） 0.01% 研发投入资本化的比重（%） (2).研发人员情况表 □适用√不适用 (3).情况说明 □适用√不适用 (4).研发人员构成发生重大变化的原因及对公司未来发展的影响 □适用√不适用,研发投入情况表 √适用 □不适用 单位：万元 本期费用化研发投入 18.82 本期资本化研发投入 研发投入合计 18.82 研发投入总额占营业收入比例（%） 0.01% 研发投入资本化的比重（%） (2).研发人员情况表 □适用√不适用 (3).情况说明 □适用√不适用 (4).研发人员构成发生重大变化的原因及对公司未来发展的影响 □适用√不适用,False,False,False,True,
600808,马钢股份,sse_main,P0,profit_statement_研发费用_not_rnd_table,found,found,usable,usable,total R&D label '研发投入合计' amount>=100000,total R&D label '研发投入合计' amount>=100000,15,15,研发投入情况表 (situation_table),研发投入情况表 (situation_table),"研发投入合计=3,646,000,000","研发投入合计=3,646,000,000","研发投入情况表 单位：亿元 币种：人民币 本期费用化研发投入 36.46 本期资本化研发投入 0 研发投入合计 36.46 研发投入总额占营业收入比例（%） 4.46 研发投入资本化的比重（%） 0 (2).研发人员情况表 公司研发人员的数量 2,408 研发人员数量占公司总人数的比例（%） 14.5 研发人员学历结构 学历结构类别 学历结构人数 博士研究生 30 硕士研究生 506 本科 1,…","研发投入情况表 单位：亿元 币种：人民币 本期费用化研发投入 36.46 本期资本化研发投入 0 研发投入合计 36.46 研发投入总额占营业收入比例（%） 4.46 研发投入资本化的比重（%） 0 (2).研发人员情况表 公司研发人员的数量 2,408 研发人员数量占公司总人数的比例（%） 14.5 研发人员学历结构 学历结构类别 学历结构人数 博士研究生 30 硕士研究生 506 本科 1,…",False,False,False,True,
600826,兰生股份,sse_main,P0,not_found_but_table_evidence,found,found,usable,usable,total R&D label '研发投入合计' amount>=100000,total R&D label '研发投入合计' amount>=100000,26,26,研发投入情况表 (situation_table),研发投入情况表 (situation_table),"研发投入合计=1,848,800","研发投入合计=1,848,800",研发投入情况表 √适用 □不适用 单位：万元 本期费用化研发投入 184.88 本期资本化研发投入 - 研发投入合计 184.88 研发投入总额占营业收入比例（%） 0.11 研发投入资本化的比重（%） - (2).研发人员情况表 √适用□不适用 公司研发人员的数量 9 研发人员数量占公司总人数的比例（%） 1.74 研发人员学历结构 学历结构类别 学历结构人数 博士研究生 硕士研究生 4 本科…,研发投入情况表 √适用 □不适用 单位：万元 本期费用化研发投入 184.88 本期资本化研发投入 - 研发投入合计 184.88 研发投入总额占营业收入比例（%） 0.11 研发投入资本化的比重（%） - (2).研发人员情况表 √适用□不适用 公司研发人员的数量 9 研发人员数量占公司总人数的比例（%） 1.74 研发人员学历结构 学历结构类别 学历结构人数 博士研究生 硕士研究生 4 本科…,False,False,False,True,
600844,金煤科技,sse_main,P0,not_found_but_table_evidence,found,found,usable,usable,total R&D label '研发投入合计' amount>=100000,total R&D label '研发投入合计' amount>=100000,14,14,研发投入情况表 (situation_table),研发投入情况表 (situation_table),"研发投入合计=2,161,600","研发投入合计=2,161,600",研发投入情况表 √适用 □不适用 单位：万元 本期费用化研发投入 216.16 本期资本化研发投入 0 研发投入合计 216.16 研发投入总额占营业收入比例（%） 0.28 研发投入资本化的比重（%） 0,研发投入情况表 √适用 □不适用 单位：万元 本期费用化研发投入 216.16 本期资本化研发投入 0 研发投入合计 216.16 研发投入总额占营业收入比例（%） 0.28 研发投入资本化的比重（%） 0,False,False,False,True,
600846,同济科技,sse_main,P0,expensed_vs_total_anchor_collision,found,found,partial,partial,non-total label '费用化研发投入',non-total label '费用化研发投入',14,14,费用化研发投入,费用化研发投入,"费用化研发投入=79,575,329.58","费用化研发投入=79,575,329.58","费用化研发投入 79,575,329.58 本期资本化研发投入 0","费用化研发投入 79,575,329.58 本期资本化研发投入 0",False,False,False,True,
600900,长江电力,sse_main,P0,profit_statement_研发费用_not_rnd_table,found,found,usable,usable,total R&D label '研发投入合计' amount>=100000,total R&D label '研发投入合计' amount>=100000,14,14,研发投入情况表 (situation_table),研发投入情况表 (situation_table),"研发投入合计=2,311,277,700","研发投入合计=2,311,277,700","研发投入情况表 √适用 □不适用 单位：万元 研发投入合计 231,127.77 研发投入总额占营业收入比例（%） 2.74 注：研发投入为不含税金额。 (2).研发人员情况表 √适用□不适用 公司研发人员的数量 全时研发人员178，非全时研发人 员1585 6 研发人员数量占公司总人数的比例（%） / 研发人员学历结构 学历结构类别 学历结构人数 博士研究生 49 硕士研究生 449 本科及以…","研发投入情况表 √适用 □不适用 单位：万元 研发投入合计 231,127.77 研发投入总额占营业收入比例（%） 2.74 注：研发投入为不含税金额。 (2).研发人员情况表 √适用□不适用 公司研发人员的数量 全时研发人员178，非全时研发人 员1585 6 研发人员数量占公司总人数的比例（%） / 研发人员学历结构 学历结构类别 学历结构人数 博士研究生 49 硕士研究生 449 本科及以…",False,False,False,True,
601021,春秋航空,sse_main,P0,expensed_vs_total_anchor_collision,found,found,partial,partial,non-total label '费用化研发投入',non-total label '费用化研发投入',29,29,费用化研发投入,费用化研发投入,"费用化研发投入=160,629,565","费用化研发投入=160,629,565","费用化研发投入 160,629,565 本期资本化研发投入 -","费用化研发投入 160,629,565 本期资本化研发投入 -",False,False,False,True,
601099,太平洋,sse_main,P0,profit_statement_研发费用_not_rnd_table,found,found,partial,partial,non-total label '研发费用',non-total label '研发费用',47,47,研发费用,研发费用,"研发费用=14,709.49 万元","研发费用=14,709.49 万元",研发费用、人员投入等。,研发费用、人员投入等。,False,False,False,True,
601186,中国铁建,sse_main,P0,expensed_vs_total_anchor_collision,found,found,usable,usable,total R&D label '研发投入合计' amount>=100000,total R&D label '研发投入合计' amount>=100000,27,27,研发投入情况表 (situation_table),研发投入情况表 (situation_table),"研发投入合计=25,733,643,000","研发投入合计=25,733,643,000","研发投入情况表 √适用 □不适用 单位：千元 币种：人民币 本期费用化研发投入 25,713,270 本期资本化研发投入 20,373","研发投入情况表 √适用 □不适用 单位：千元 币种：人民币 本期费用化研发投入 25,713,270 本期资本化研发投入 20,373",False,False,False,True,
601238,广汽集团,sse_main,P0,profit_statement_研发费用_not_rnd_table,found,found,usable,usable,total R&D label '研发投入合计' amount>=100000,total R&D label '研发投入合计' amount>=100000,28,28,研发投入情况表 (situation_table),研发投入情况表 (situation_table),"研发投入合计=7,508,000,000","研发投入合计=7,508,000,000","研发投入情况表 √适用 □不适用 单位：亿元 本期费用化研发投入 14.39 本期资本化研发投入 60.69 研发投入合计 75.08 研发投入总额占营业收入比例（%） 6.97 研发投入资本化的比重（%） 80.83 (2).研发人员情况表 √适用 □不适用 公司研发人员的数量 7,317 研发人员数量占公司总人数的比例（%） 19.10 研发人员学历结构 学历结构类别 学历结构人数","研发投入情况表 √适用 □不适用 单位：亿元 本期费用化研发投入 14.39 本期资本化研发投入 60.69 研发投入合计 75.08 研发投入总额占营业收入比例（%） 6.97 研发投入资本化的比重（%） 80.83 (2).研发人员情况表 √适用 □不适用 公司研发人员的数量 7,317 研发人员数量占公司总人数的比例（%） 19.10 研发人员学历结构 学历结构类别 学历结构人数",False,False,False,True,
601330,绿色动力,sse_main,P0,expensed_vs_total_anchor_collision,found,found,partial,partial,non-total label '费用化研发投入',non-total label '费用化研发投入',26,26,费用化研发投入,费用化研发投入,"费用化研发投入=7,097,412.89","费用化研发投入=7,097,412.89","费用化研发投入 7,097,412.89 本期资本化研发投入 0 26","费用化研发投入 7,097,412.89 本期资本化研发投入 0 26",False,False,False,True,
601686,友发集团,sse_main,P0,expensed_vs_total_anchor_collision,found,found,partial,partial,non-total label '费用化研发投入',non-total label '费用化研发投入',17,17,费用化研发投入,费用化研发投入,"费用化研发投入=145,312,277.44","费用化研发投入=145,312,277.44","费用化研发投入 145,312,277.44 本期资本化研发投入 0.00","费用化研发投入 145,312,277.44 本期资本化研发投入 0.00",False,False,False,True,
601727,上海电气,sse_main,P0,not_found_but_table_evidence,found,found,usable,usable,total R&D label '研发投入合计' amount>=100000,total R&D label '研发投入合计' amount>=100000,18,18,研发投入情况表 (situation_table),研发投入情况表 (situation_table),"研发投入合计=5,694,000,000","研发投入合计=5,694,000,000","研发投入情况表 √适用 □不适用 单位：亿元 本期费用化研发投入 56.65 本期资本化研发投入 0.29 研发投入合计 56.94 研发投入总额占营业收入比例（%） 4.9 研发投入资本化的比重（%） 0.5 (2).研发人员情况表 √适用 □不适用 公司研发人员的数量 3,925 研发人员数量占公司总人数的比例（%） 9.75 研发人员学历结构 学历结构类别 学历结构人数 博士研究生 108","研发投入情况表 √适用 □不适用 单位：亿元 本期费用化研发投入 56.65 本期资本化研发投入 0.29 研发投入合计 56.94 研发投入总额占营业收入比例（%） 4.9 研发投入资本化的比重（%） 0.5 (2).研发人员情况表 √适用 □不适用 公司研发人员的数量 3,925 研发人员数量占公司总人数的比例（%） 9.75 研发人员学历结构 学历结构类别 学历结构人数 博士研究生 108",False,False,False,True,
601778,晶科科技,sse_main,P0,profit_statement_研发费用_not_rnd_table,found,found,partial,partial,non-total label '研发费用',non-total label '研发费用',18,18,研发费用,研发费用,"研发费用=3,799,887.16","研发费用=3,799,887.16","研发费用 3,799,887.16 5,264,011.85 -27.81 经营活动产生的现金流量净额 1,044,536,587.02 -597,644,434.26 不适用 投资活动产生的现金流量净额 -1,190,846,651.34 -2,552,147,226.64 不适用 筹资活动产生的现金流量净额 1,026,043,146.99 2,867,077,725.45 -64.21 经…","研发费用 3,799,887.16 5,264,011.85 -27.81 经营活动产生的现金流量净额 1,044,536,587.02 -597,644,434.26 不适用 投资活动产生的现金流量净额 -1,190,846,651.34 -2,552,147,226.64 不适用 筹资活动产生的现金流量净额 1,026,043,146.99 2,867,077,725.45 -64.21 经…",False,False,False,True,
601865,福莱特,sse_main,P0,not_found_but_table_evidence,found,found,usable,usable,total R&D label '研发投入合计' amount>=100000,total R&D label '研发投入合计' amount>=100000,16,16,研发投入情况表 (situation_table),研发投入情况表 (situation_table),"研发投入合计=604,790,000","研发投入合计=604,790,000",研发投入情况表 √适用 □不适用 单位：百万元 本期费用化研发投入 604.79 本期资本化研发投入 - 研发投入合计 604.79 研发投入总额占营业收入比例（%） 3.24 研发投入资本化的比重（%） - (2).研发人员情况表 √适用 □不适用 公司研发人员的数量 715 研发人员数量占公司总人数的比例（%） 9.22 研发人员学历结构 学历结构类别 学历结构人数 博士研究生 1 硕士研究…,研发投入情况表 √适用 □不适用 单位：百万元 本期费用化研发投入 604.79 本期资本化研发投入 - 研发投入合计 604.79 研发投入总额占营业收入比例（%） 3.24 研发投入资本化的比重（%） - (2).研发人员情况表 √适用 □不适用 公司研发人员的数量 715 研发人员数量占公司总人数的比例（%） 9.22 研发人员学历结构 学历结构类别 学历结构人数 博士研究生 1 硕士研究…,False,False,False,True,
601898,中煤能源,sse_main,P0,not_found_but_table_evidence,found,found,usable,usable,total R&D label '研发投入合计' amount>=100000,total R&D label '研发投入合计' amount>=100000,27,27,研发投入情况表 (situation_table),研发投入情况表 (situation_table),"研发投入合计=4,237,000,000","研发投入合计=4,237,000,000",研发投入情况表 √适用 □不适用 单位：亿元 本期费用化研发投入 31.17 本期资本化研发投入 11.20 研发投入合计 42.37 研发投入总额占营业收入比例（%） 2.24 研发投入资本化的比重（%） 26.43 注：相关统计口径参照国家统计局《关于印发<研究与试验（R&D）投入统计规范（试行）>的通 知》（国统字〔2019〕47 号）的相关标准。 (2) 研发人员情况表 √适用 □不适用…,研发投入情况表 √适用 □不适用 单位：亿元 本期费用化研发投入 31.17 本期资本化研发投入 11.20 研发投入合计 42.37 研发投入总额占营业收入比例（%） 2.24 研发投入资本化的比重（%） 26.43 注：相关统计口径参照国家统计局《关于印发<研究与试验（R&D）投入统计规范（试行）>的通 知》（国统字〔2019〕47 号）的相关标准。 (2) 研发人员情况表 √适用 □不适用…,False,False,False,True,
603000,人民网,sse_main,P0,expensed_vs_total_anchor_collision,found,found,usable,usable,total R&D label '研发投入合计' amount>=100000,total R&D label '研发投入合计' amount>=100000,19,19,研发投入情况表 (situation_table),研发投入情况表 (situation_table),"研发投入合计=125,766,096","研发投入合计=125,766,096","研发投入情况表 √适用 □不适用 单位：元 本期费用化研发投入 115,222,773.70 本期资本化研发投入 10,543,322.63 研发投入合计 125,766,096.33 研发投入总额占营业收入比例（%） 6.02 研发投入资本化的比重（%） 8.38 (2). 研发人员情况表 √适用□不适用","研发投入情况表 √适用 □不适用 单位：元 本期费用化研发投入 115,222,773.70 本期资本化研发投入 10,543,322.63 研发投入合计 125,766,096.33 研发投入总额占营业收入比例（%） 6.02 研发投入资本化的比重（%） 8.38 (2). 研发人员情况表 √适用□不适用",False,False,False,True,
603031,安孚科技,sse_main,P0,expensed_vs_total_anchor_collision,found,found,usable,usable,total R&D label '研发投入合计' amount>=100000,total R&D label '研发投入合计' amount>=100000,30,30,研发投入情况表 (situation_table),研发投入情况表 (situation_table),"研发投入合计=135,854,474","研发投入合计=135,854,474","研发投入情况表 √适用 □不适用 单位：元 本期费用化研发投入 135,854,472.84 本期资本化研发投入 - 序号 供应商名称 采购额 占年度采购总额 比例（%） 1 供应商1 396,864,735.97 17.33 2 供应商2 188,858,849.56 8.25 3 供应商3 119,525,265.42 5.22 4 供应商4 116,641,996.45 5.09 5 供应…","研发投入情况表 √适用 □不适用 单位：元 本期费用化研发投入 135,854,472.84 本期资本化研发投入 - 序号 供应商名称 采购额 占年度采购总额 比例（%） 1 供应商1 396,864,735.97 17.33 2 供应商2 188,858,849.56 8.25 3 供应商3 119,525,265.42 5.22 4 供应商4 116,641,996.45 5.09 5 供应…",False,False,False,True,
603259,药明康德,sse_main,P0,expensed_vs_total_anchor_collision,found,found,partial,partial,non-total label '费用化研发投入',non-total label '费用化研发投入',18,18,费用化研发投入,费用化研发投入,"费用化研发投入=123,852.50","费用化研发投入=123,852.50","费用化研发投入 123,852.50 本期资本化研发投入 -","费用化研发投入 123,852.50 本期资本化研发投入 -",False,False,False,True,
603277,银都股份,sse_main,P0,profit_statement_研发费用_not_rnd_table,found,found,partial,partial,non-total label '研发费用',non-total label '研发费用',17,17,研发费用,研发费用,"研发费用=62,880,106.80","研发费用=62,880,106.80","研发费用 62,880,106.80 65,579,861.00 -4.12 财务费用 -24,611,643.56 -53,352,488.68 53.87 4、研发投入 (1).研发投入情况表 □适用 √不适用 (2).研发人员情况表 √适用□不适用 公司研发人员的数量 174 研发人员数量占公司总人数的比例（%） 7.22 研发人员学历结构 学历结构类别 学历结构人数 博士研究生 硕士研究…","研发费用 62,880,106.80 65,579,861.00 -4.12 财务费用 -24,611,643.56 -53,352,488.68 53.87 4、研发投入 (1).研发投入情况表 □适用 √不适用 (2).研发人员情况表 √适用□不适用 公司研发人员的数量 174 研发人员数量占公司总人数的比例（%） 7.22 研发人员学历结构 学历结构类别 学历结构人数 博士研究生 硕士研究…",False,False,False,True,
603309,维力医疗,sse_main,P0,expensed_vs_total_anchor_collision,found,found,partial,partial,non-total label '费用化研发投入',non-total label '费用化研发投入',20,20,费用化研发投入,费用化研发投入,"费用化研发投入=111,112,162.68","费用化研发投入=111,112,162.68","费用化研发投入 111,112,162.68 本期资本化研发投入 0","费用化研发投入 111,112,162.68 本期资本化研发投入 0",False,False,False,True,
603355,莱克电气,sse_main,P0,expensed_vs_total_anchor_collision,found,found,partial,partial,non-total label '费用化研发投入',non-total label '费用化研发投入',26,26,费用化研发投入,费用化研发投入,"费用化研发投入=536,147,682.68","费用化研发投入=536,147,682.68","费用化研发投入 536,147,682.68 本期资本化研发投入 0","费用化研发投入 536,147,682.68 本期资本化研发投入 0",False,False,False,True,
603558,健盛集团,sse_main,P0,expensed_vs_total_anchor_collision,found,found,partial,partial,non-total label '费用化研发投入',non-total label '费用化研发投入',19,19,费用化研发投入,费用化研发投入,"费用化研发投入=64,465,423.82","费用化研发投入=64,465,423.82","费用化研发投入 64,465,423.82 本期资本化研发投入","费用化研发投入 64,465,423.82 本期资本化研发投入",False,False,False,True,
603668,天马科技,sse_main,P0,expensed_vs_total_anchor_collision,found,found,partial,partial,non-total label '费用化研发投入',non-total label '费用化研发投入',46,46,费用化研发投入,费用化研发投入,"费用化研发投入=114,175,201.26","费用化研发投入=114,175,201.26","费用化研发投入 114,175,201.26 本期资本化研发投入 0","费用化研发投入 114,175,201.26 本期资本化研发投入 0",False,False,False,True,
603682,锦和商管,sse_main,P0,expensed_vs_total_anchor_collision,found,found,partial,partial,non-total label '费用化研发投入',non-total label '费用化研发投入',17,17,费用化研发投入,费用化研发投入,"费用化研发投入=2,186,070.72","费用化研发投入=2,186,070.72","费用化研发投入 2,186,070.72 本期资本化研发投入 0","费用化研发投入 2,186,070.72 本期资本化研发投入 0",False,False,False,True,
603687,大胜达,sse_main,P0,expensed_vs_total_anchor_collision,found,found,partial,partial,non-total label '费用化研发投入',non-total label '费用化研发投入',29,29,费用化研发投入,费用化研发投入,"费用化研发投入=82,853,258.50","费用化研发投入=82,853,258.50","费用化研发投入 82,853,258.50 本期资本化研发投入 0","费用化研发投入 82,853,258.50 本期资本化研发投入 0",False,False,False,True,
603698,航天工程,sse_main,P0,expensed_vs_total_anchor_collision,found,found,usable,usable,total R&D label '研发投入合计' amount>=100000,total R&D label '研发投入合计' amount>=100000,19,19,研发投入情况表 (situation_table),研发投入情况表 (situation_table),"研发投入合计=246,711,585","研发投入合计=246,711,585","研发投入情况表 √适用 □不适用 单位：元 本期费用化研发投入 246,676,800.81 本期资本化研发投入 34,784.57","研发投入情况表 √适用 □不适用 单位：元 本期费用化研发投入 246,676,800.81 本期资本化研发投入 34,784.57",False,False,False,True,
603776,永安行,sse_main,P0,profit_statement_研发费用_not_rnd_table,found,found,usable,usable,total R&D label '研发投入合计' amount>=100000,total R&D label '研发投入合计' amount>=100000,24,24,研发投入情况表 (situation_table),研发投入情况表 (situation_table),"研发投入合计=35,306,136","研发投入合计=35,306,136","研发投入情况表 √适用 □不适用 单位：元 本期费用化研发投入 35,306,135.73 本期资本化研发投入 0 研发投入合计 35,306,135.73 研发投入总额占营业收入比例（%） 7.71 研发投入资本化的比重（%） 0 项目 2024 年 2023 年 同比增减（%） 销售费用 9,034,151.12 7,814,389.54 15.61 管理费用 43,370,314.55 3…","研发投入情况表 √适用 □不适用 单位：元 本期费用化研发投入 35,306,135.73 本期资本化研发投入 0 研发投入合计 35,306,135.73 研发投入总额占营业收入比例（%） 7.71 研发投入资本化的比重（%） 0 项目 2024 年 2023 年 同比增减（%） 销售费用 9,034,151.12 7,814,389.54 15.61 管理费用 43,370,314.55 3…",False,False,False,True,
605090,九丰能源,sse_main,P0,expensed_vs_total_anchor_collision,found,found,partial,partial,non-total label '费用化研发投入',non-total label '费用化研发投入',41,41,费用化研发投入,费用化研发投入,"费用化研发投入=9,818,659.59","费用化研发投入=9,818,659.59","费用化研发投入 9,818,659.59 本期资本化研发投入","费用化研发投入 9,818,659.59 本期资本化研发投入",False,False,False,True,
605133,嵘泰股份,sse_main,P0,expensed_vs_total_anchor_collision,found,found,partial,partial,non-total label '费用化研发投入',non-total label '费用化研发投入',17,17,费用化研发投入,费用化研发投入,"费用化研发投入=103,135,376.92","费用化研发投入=103,135,376.92","费用化研发投入 103,135,376.92 本期资本化研发投入 0","费用化研发投入 103,135,376.92 本期资本化研发投入 0",False,False,False,True,
605199,ST葫芦娃,sse_main,P0,expensed_vs_total_anchor_collision,found,found,usable,usable,total R&D label '研发投入合计' amount>=100000,total R&D label '研发投入合计' amount>=100000,28,28,研发投入情况表 (situation_table),研发投入情况表 (situation_table),"研发投入合计=249,539,785","研发投入合计=249,539,785","研发投入情况表 √适用 □不适用 单位：元 本期费用化研发投入 202,080,443.80 本期资本化研发投入 47,459,340.96","研发投入情况表 √适用 □不适用 单位：元 本期费用化研发投入 202,080,443.80 本期资本化研发投入 47,459,340.96",False,False,False,True,
605303,园林股份,sse_main,P0,expensed_vs_total_anchor_collision,found,found,partial,partial,non-total label '费用化研发投入',non-total label '费用化研发投入',16,16,费用化研发投入,费用化研发投入,"费用化研发投入=10,535,789.08","费用化研发投入=10,535,789.08","费用化研发投入 10,535,789.08 本期资本化研发投入","费用化研发投入 10,535,789.08 本期资本化研发投入",False,False,False,True,
688081,兴图新科,star,P0,not_found_but_table_evidence,found,found,usable,usable,total R&D label '研发投入合计' amount>=100000,total R&D label '研发投入合计' amount>=100000,29,29,研发投入情况表 (situation_table),研发投入情况表 (situation_table),"研发投入合计=40,751,382","研发投入合计=40,751,382","研发投入情况表 单位：元 本年度 上年度 变化幅度（%） 费用化研发投入 35,638,014.38 32,066,192.73 11.14 资本化研发投入 5,113,367.43 7,902,094.09 -35.29 研发投入合计 40,751,381.81 39,968,286.82 1.96 研发投入总额占营业收入 比例（%） 26.64 26.75 减少0.11 个百分 点 研发投入…","研发投入情况表 单位：元 本年度 上年度 变化幅度（%） 费用化研发投入 35,638,014.38 32,066,192.73 11.14 资本化研发投入 5,113,367.43 7,902,094.09 -35.29 研发投入合计 40,751,381.81 39,968,286.82 1.96 研发投入总额占营业收入 比例（%） 26.64 26.75 减少0.11 个百分 点 研发投入…",False,False,False,True,
688429,时创能源,star,P0,not_found_but_table_evidence,found,found,usable,usable,total R&D label '研发投入合计' amount>=100000,total R&D label '研发投入合计' amount>=100000,25,25,研发投入情况表 (situation_table),研发投入情况表 (situation_table),"研发投入合计=231,489,952","研发投入合计=231,489,952","研发投入情况表 单位：元 本年度 上年度 变化幅度（%） 费用化研发投入 231,489,952.36 162,820,849.23 42.17 资本化研发投入 研发投入合计 231,489,952.36 162,820,849.23 42.17 研发投入总额占营业收入比例（%） 32.57 9.41 增加23.16 个百分点 研发投入资本化的比重（%） 研发投入总额较上年发生重大变化的原因 √…","研发投入情况表 单位：元 本年度 上年度 变化幅度（%） 费用化研发投入 231,489,952.36 162,820,849.23 42.17 资本化研发投入 研发投入合计 231,489,952.36 162,820,849.23 42.17 研发投入总额占营业收入比例（%） 32.57 9.41 增加23.16 个百分点 研发投入资本化的比重（%） 研发投入总额较上年发生重大变化的原因 √…",False,False,False,True,
688571,杭华股份,star,P0,profit_statement_研发费用_not_rnd_table,found,found,usable,usable,total R&D label '研发投入合计' amount>=100000,total R&D label '研发投入合计' amount>=100000,23,23,研发投入情况表 (situation_table),研发投入情况表 (situation_table),"研发投入合计=55,043,208","研发投入合计=55,043,208","研发投入情况表 单位：元 本年度 上年度 变化幅度（%） 费用化研发投入 55,043,208.13 47,653,566.43 15.51 资本化研发投入 研发投入合计 55,043,208.13 47,653,566.43 15.51 研发投入总额占营业收入比例（%） 4.33 4.01 增加0.32 个百分点 研发投入资本化的比重（%） 注：根据《企业会计准则应用指南汇编（2024）》的相…","研发投入情况表 单位：元 本年度 上年度 变化幅度（%） 费用化研发投入 55,043,208.13 47,653,566.43 15.51 资本化研发投入 研发投入合计 55,043,208.13 47,653,566.43 15.51 研发投入总额占营业收入比例（%） 4.33 4.01 增加0.32 个百分点 研发投入资本化的比重（%） 注：根据《企业会计准则应用指南汇编（2024）》的相…",False,False,False,True,
